{
  "attributes": {
    "attack_range": 1.75,
    "category": "dagger",
    "attacks": [
      {
        "hitbox": "VERTICAL_PLANE",
        "damage_multiplier": 1,
        "angle": 0,
        "upswing": 0.5,
        "animation": "bettercombat:one_handed_uppercut_right",
        "swing_sound": {
          "id": "minecells:weapon.swipe"
        }
      },
      {
        "hitbox": "FORWARD_BOX",
        "damage_multiplier": 1,
        "angle": 0,
        "upswing": 0.5,
        "animation": "bettercombat:one_handed_stab",
        "swing_sound": {
          "id": "minecells:weapon.swipe"
        }
      }
    ]
  }
}