{
    "id": "tiered:epic_elytra_2",
    "verifiers": [
        {
            "id": "minecraft:elytra"
        }
    ],
    "weight": 8,
    "style": {
        "color": "dark_purple"
    },
    "attributes": [
        {
            "type": "tiered:generic.durable",
            "modifier": {
                "name": "tiered:epic_elytra_2",
                "operation": "MULTIPLY_BASE",
                "amount": 0.2
            },
            "optional_equipment_slots": [
                "CHEST"
            ]
        },
        {
            "type": "generic.armor",
            "modifier": {
                "name": "tiered:epic_elytra_2",
                "operation": "ADDITION",
                "amount": 2
            },
            "optional_equipment_slots": [
                "CHEST"
            ]
        }
    ]
}