{
    "id": "tiered:uncommon_elytra_1",
    "verifiers": [
        {
            "id": "minecraft:elytra"
        }
    ],
    "weight": 35,
    "style": {
        "color": "dark_green"
    },
    "attributes": [
        {
            "type": "generic.armor",
            "modifier": {
                "name": "tiered:uncommon_elytra_1",
                "operation": "ADDITION",
                "amount": -1
            },
            "optional_equipment_slots": [
                "CHEST"
            ]
        },
        {
            "type": "tiered:generic.durable",
            "modifier": {
                "name": "tiered:uncommon_elytra_1",
                "operation": "MULTIPLY_BASE",
                "amount": 0.05
            },
            "optional_equipment_slots": [
                "CHEST"
            ]
        }
    ]
}