{
    "id": "tiered:epic_melee_4",
    "verifiers": [
        {
            "tag": "c:swords"
        }
    ],
    "weight": 8,
    "style": {
        "color": "dark_purple"
    },
    "attributes": [
        {
            "type": "generic.attack_damage",
            "modifier": {
                "name": "tiered:epic_melee_4",
                "operation": "MULTIPLY_BASE",
                "amount": 0.15
            },
            "optional_equipment_slots": [
                "MAINHAND"
            ]
        },
        {
            "type": "tiered:generic.durable",
            "modifier": {
                "name": "tiered:epic_melee_4",
                "operation": "MULTIPLY_BASE",
                "amount": 0.2
            },
            "optional_equipment_slots": [
                "MAINHAND"
            ]
        },
        {
            "type": "generic.luck",
            "modifier": {
                "name": "tiered:epic_melee_4",
                "operation": "ADDITION",
                "amount": 1
            },
            "optional_equipment_slots": [
                "MAINHAND"
            ]
        }
    ]
}