{
    "id": "tiered:mythic_melee_2",
    "verifiers": [
        {
            "tag": "c:swords"
        }
    ],
    "weight": 1,
    "style": {
        "color": "red"
    },
    "attributes": [
        {
            "type": "generic.attack_damage",
            "modifier": {
                "name": "tiered:mythic_melee_2",
                "operation": "MULTIPLY_BASE",
                "amount": 0.3
            },
            "optional_equipment_slots": [
                "MAINHAND"
            ]
        },
        {
            "type": "zenith_attributes:crit_chance",
            "modifier": {
                "name": "tiered:mythic_melee_2",
                "operation": "ADDITION",
                "amount": 0.1
            },
            "optional_equipment_slots": [
                "MAINHAND"
            ]
        },
        {
            "type": "tiered:generic.durable",
            "modifier": {
                "name": "tiered:mythic_melee_2",
                "operation": "MULTIPLY_BASE",
                "amount": 0.5
            },
            "optional_equipment_slots": [
                "MAINHAND"
            ]
        }
    ]
}