{
    "id": "tiered:rare_staffwand_2",
    "verifiers": [
        {
            "tag": "wizards:staves"
        },
        {
            "tag": "wizards:wands"
        },
        {
            "tag": "paladins:staves"
        },
        {
            "tag": "paladins:wands"
        }
    ],
    "weight": 15,
    "style": {
        "color": "blue"
    },
    "attributes": [
        {
            "type": "spell_power:haste",
            "modifier": {
                "name": "tiered:rare_staffwand_2",
                "operation": "MULTIPLY_BASE",
                "amount": 0.025
            },
            "optional_equipment_slots": [
                "MAINHAND"
            ]
        },
        {
            "type": "spell_power:critical_chance",
            "modifier": {
                "name": "tiered:rare_staffwand_2",
                "operation": "MULTIPLY_BASE",
                "amount": 0.05
            },
            "optional_equipment_slots": [
                "MAINHAND"
            ]
        }
    ]
}