{
    "id": "tiered:uncommon_staffwand_1",
    "verifiers": [
        {
            "tag": "wizards:staves"
        },
        {
            "tag": "wizards:wands"
        },
        {
            "tag": "paladins:staves"
        },
        {
            "tag": "paladins:wands"
        }
    ],
    "weight": 35,
    "style": {
        "color": "dark_green"
    },
    "attributes": [
        {
            "type": "spell_power:critical_damage",
            "modifier": {
                "name": "tiered:uncommon_staffwand_1",
                "operation": "MULTIPLY_BASE",
                "amount": -0.025
            },
            "optional_equipment_slots": [
                "MAINHAND"
            ]
        },
        {
            "type": "tiered:generic.durable",
            "modifier": {
                "name": "tiered:uncommon_staffwand_1",
                "operation": "MULTIPLY_BASE",
                "amount": 0.1
            },
            "optional_equipment_slots": [
                "MAINHAND"
            ]
        }
    ]
}