{
  "type": "techreborn:distillation_tower",
  "power": 20,
  "time": 400,
  "ingredients": [
    {
      "item": "techreborn:cell",
      "count": 16,
      "nbt": "empty"
    },
    {
      "fluid": "modern_industrialization:crude_oil",
      "holder": "techreborn:cell",
      "count": 16
    }
  ],
  "results": [
    {
      "item": "techreborn:cell",
      "count": 10,
      "nbt": {
        "fluid": "modern_industrialization:sulfuric_light_fuel"
      }
    },
    {
      "item": "techreborn:cell",
      "count": 12,
      "nbt": {
        "fluid": "modern_industrialization:sulfuric_heavy_fuel"
      }
    },
    {
      "item": "techreborn:cell",
      "count": 10,
      "nbt": {
        "fluid": "modern_industrialization:sulfuric_naptha"
      }
    }
  ]
}