{
    "type": "techreborn:distillation_tower",
    "power": 20,
    "time": 400,
    "ingredients": [
        {
            "item": "techreborn:cell",
            "count": 10,
            "nbt": "empty"
        },
        {
            "fluid": "ad_astra:oil",
            "holder": "techreborn:cell",
            "count": 16
        }
    ],
    "results": [
        {
            "item": "techreborn:cell",
            "count": 10,
            "nbt": {
                "fluid": "techreborn:oil"
            }
        },
        {
            "item": "techreborn:cell",
            "count": 16,
            "nbt": {
                "fluid": "modern_industrialization:ethanol"
            }
        }
    ]
}