{
    "attributes": {
      "attack_range": 2.0,
      "two_handed": false,
      "category": "dagger",
      "attacks": [
        {
          "hitbox": "HORIZONTAL_PLANE",
          "damage_multiplier": 1,
          "angle": 120,
          "upswing": 0.5,
          "animation": "simplyswords:warglaive_slash_horizontal_right",
          "swing_sound": {
            "id": "simplyswords:spell_fire",
            "volume": 0.2,
            "pitch": 1.2
          }
        },
        {
          "hitbox": "HORIZONTAL_PLANE",
          "damage_multiplier": 1,
          "angle": 120,
          "upswing": 0.5,
          "animation": "simplyswords:warglaive_slash_horizontal_left",
          "swing_sound": {
            "id": "simplyswords:spell_fire",
            "volume": 0.2,
            "pitch": 1.1
          }
        },
        {
          "hitbox": "FORWARD_BOX",
          "conditions": ["DUAL_WIELDING_SAME_CATEGORY", "MAIN_HAND_ONLY"],
          "damage_multiplier": 1.1,
          "angle": 0,
          "upswing": 0.5,
          "animation": "bettercombat:dual_handed_slash_cross",
          "swing_sound": {
            "id": "simplyswords:elemental_sword_fire_attack_01",
            "volume": 0.2,
            "pitch": 2.3
          }
        },
        {
          "hitbox": "FORWARD_BOX",
          "conditions": ["DUAL_WIELDING_SAME_CATEGORY", "OFF_HAND_ONLY"],
          "damage_multiplier": 1.0,
          "angle": 0,
          "upswing": 0.5,
          "animation": "bettercombat:dual_handed_slash_uncross",
          "swing_sound": {
            "id": "simplyswords:elemental_sword_fire_attack_03",
            "volume": 0.2,
            "pitch": 2.4
          }
        }
      ]
    }
  }