{
  "school": "PHYSICAL_RANGED",
  "range": 20,
  "learn": {
    "tier": 4
  },
  "cast": {
    "duration": 0.8,
    "animation": "spell_engine:archery_pull",
    "particles": [
      {
        "particle_id": "more_rpg_classes:poison_smoke",
        "shape": "SPHERE",
        "origin": "LAUNCH_POINT",
        "count": 0.5,
        "min_speed": 0.1,
        "max_speed": 0.2
      }
    ],
    "sound": {
      "id": "archers:bow_pull",
      "randomness": 0
    }
  },
  "release": {
    "target": {
      "type": "PROJECTILE",
      "projectile": {
        "launch_properties": {
          "velocity": 2.2
        },
        "projectile": {
          "client_data": {
            "travel_particles": [
              {
                "particle_id": "more_rpg_classes:gas_cloud",
                "shape": "LINE",
                "origin": "CENTER",
                "rotation": "LOOK",
                "roll": 1,
                "count": 25,
                "min_speed": 0.2,
                "max_speed": 0.32
              }
            ],
            "model": {
              "model_id": "archers_expansion:projectile/regular_arrow",
              "scale": 1.0
            }
          }
        }
      }
    },
    "animation": "spell_engine:archery_release",
    "sound": {
      "id": "entity.arrow.shoot"
    }
  },
  "impact": [
    {
      "action": {
        "type": "DAMAGE",
        "damage": {
          "spell_power_coefficient": 1.0,
          "knockback": 0.5
        }
      }
    },
    {
      "action": {
        "type": "STATUS_EFFECT",
        "status_effect": {
          "apply_mode": "SET",
          "duration": 5,
          "amplifier": 0,
          "amplifier_power_multiplier": 0.15,
          "effect_id": "archers_expansion:choking_gas",
          "show_particles": false
        }
      },
      "particles": [
        {
          "particle_id": "more_rpg_classes:gas_cloud",
          "shape": "CIRCLE",
          "origin": "CENTER",
          "count": 35,
          "min_speed": 0.4,
          "max_speed": 1.2
        },
        {
          "particle_id": "more_rpg_classes:poison_smoke",
          "shape": "SPHERE",
          "origin": "CENTER",
          "count": 25,
          "min_speed": 0.1,
          "max_speed": 0.5,
          "pre_spawn_travel": 6
        },
        {
          "particle_id": "more_rpg_classes:poison_smoke",
          "shape": "SPHERE",
          "origin": "CENTER",
          "count": 25,
          "min_speed": 0.1,
          "max_speed": 0.3,
          "pre_spawn_travel": 4
        },
        {
          "particle_id": "more_rpg_classes:poison_smoke",
          "shape": "SPHERE",
          "origin": "CENTER",
          "count": 25,
          "min_speed": 0.05,
          "max_speed": 0.1,
          "pre_spawn_travel": 2
        },
        {
          "particle_id": "more_rpg_classes:gas_cloud",
          "shape": "CIRCLE",
          "origin": "CENTER",
          "count": 50,
          "min_speed": 0.1,
          "max_speed": 0.3,
          "pre_spawn_travel": 10
        }
      ],
      "sound": {
        "id": "archers_expansion:poison_cloud"
      }
    }
  ],
  "area_impact": {
    "radius": 8.0,
    "area": {
      "distance_dropoff": "SQUARED"
    },
    "particles": [
      {
        "particle_id": "more_rpg_classes:gas_cloud",
        "shape": "SPHERE",
        "origin": "CENTER",
        "count": 2.0,
        "min_speed": 0.2,
        "max_speed": 0.5
      }
    ],
    "sound": {
      "id": "archers_expansion:poison_cloud"
    }
  },
  "cost": {
    "cooldown_duration": 28,
    "exhaust" : 0.3,
    "item_id": "arrow",
    "cooldown_haste_affected": true
  }
}