{
  "school": "FIRE_RANGED",
  "range": 32.0,
  "learn": {
    "tier": 3
  },
  "cast": {
    "duration": 1,
    "animation": "spell_engine:archery_pull",
    "sound": {
      "id": "archers:bow_pull"
    }
  },
  "release": {
    "target": {
      "type": "METEOR",
      "meteor": {
        "launch_height": 15,
        "launch_radius": 5.0,
        "launch_properties": {
          "velocity": 2.0,
          "extra_launch_count": 25,
          "extra_launch_delay": 4
        },
        "projectile": {
          "divergence": 0,
          "client_data": {
            "travel_particles": [
              {
                "particle_id": "minecraft:large_smoke",
                "shape": "CIRCLE",
                "rotation": "LOOK",
                "origin": "CENTER",
                "count": 3.0,
                "min_speed": 0.0,
                "max_speed": 0.0
              }
            ],
            "model": {
              "model_id": "archers_expansion:projectile/smoldering_arrow",
              "scale": 1.3
            }
          }
        }
      }
    },
    "animation": "spell_engine:archery_release",
    "sound": {
      "id": "minecraft:item.crossbow.shoot"
    }
  },
  "impact": [
    {
      "action": {
        "type": "DAMAGE",
        "damage": {
          "spell_power_coefficient": 0.3,
          "knockback": 0
        }
      },
      "particles": [
        {
          "particle_id": "spell_engine:fire_explosion",
          "shape": "SPHERE",
          "origin": "CENTER",
          "count": 1.0,
          "min_speed": 0.2,
          "max_speed": 0.5
        },
        {
          "particle_id": "spell_engine:flame_medium_b",
          "shape": "SPHERE",
          "origin": "CENTER",
          "count": 25.0,
          "min_speed": 0.1,
          "max_speed": 0.3,
          "pre_spawn_travel": 2
        },
        {
          "particle_id": "spell_engine:flame_medium_b",
          "shape": "SPHERE",
          "origin": "CENTER",
          "count": 25.0,
          "min_speed": 0.2,
          "max_speed": 0.5,
          "pre_spawn_travel": 4
        }
      ],
      "sound": {
        "id": "entity.generic.explode",
        "random": 1.2
      }
    },
    {
      "action": {
        "type": "FIRE",
        "fire": {
          "duration": 5
        }
      }
    }
  ],
  "area_impact": {
    "radius": 3,
    "area": {
      "distance_dropoff": "NONE"
    },
    "sound": {
      "id": "minecraft:entity.arrow.hit"
    }
  },
  "cost": {
    "item_id": "arrow",
    "consume_item": false,
    "cooldown_duration": 28
  }
}