{
  "school": "FROST_RANGED",
  "group": "primary",
  "range": 0,
  "learn": {
    "tier": 1
  },
  "mode": "ITEM_USE",
  "item_use": { },
  "arrow_perks": {
    "bypass_iframes": true
  },
  "impact": [
    {
      "action": {
        "type": "STATUS_EFFECT",
        "status_effect": {
          "apply_mode": "ADD",
          "duration": 5,
          "amplifier": 30,
          "effect_id": "more_rpg_classes:frosted",
          "show_particles": false
        }
      },
      "particles": [
        {
          "particle_id": "spell_engine:frost_hit",
          "shape": "CIRCLE",
          "origin": "CENTER",
          "count": 8,
          "min_speed": 0.1,
          "max_speed": 0.35
        }
      ]
    }
  ]
}