{
  "range": 20.0,
  "school": "FROST_RANGED",
  "learn": {
    "tier": 3
  },
  "cast": {
    "duration": 0.3,
    "animation": "spell_engine:one_handed_area_charge",
    "sound": {
      "id": "spell_engine:generic_frost_casting",
      "randomness": 0
    },
    "particles": [
      {
        "particle_id": "spell_engine:snowflake",
        "shape": "PIPE",
        "origin": "CENTER",
        "count": 0.5,
        "min_speed": 0.1,
        "max_speed": 0.2
      }
    ]
  },
  "release": {
    "target": {
      "type": "AREA",
      "area": {
        "vertical_range_multiplier": 1.0
      }
    },
    "animation": "spell_engine:one_handed_area_release",
    "sound": {
      "id": "spell_engine:generic_frost_release"
    },
    "particles": [
    ]
  },
  "impact": [
    {
      "action": {
        "type": "STATUS_EFFECT",
        "status_effect": {
          "effect_id": "archers_expansion:frozen_pact",
          "duration": 5,
          "apply_mode": "SET",
          "amplifier": 5,
          "show_particles": false
        }
      },
      "particles": [
        {
          "particle_id": "spell_engine:frost_hit",
          "shape": "SPHERE",
          "origin": "CENTER",
          "count": 50.0,
          "min_speed": 0.2,
          "max_speed": 0.7
        },
        {
          "particle_id": "spell_engine:snowflake",
          "shape": "SPHERE",
          "origin": "CENTER",
          "count": 25.0,
          "min_speed": 0.1,
          "max_speed": 0.4
        }
      ],
      "sound": {
        "id": "spell_engine:generic_frost_impact"
      }
    }
  ],
  "cost": {
    "cooldown_duration": 12,
    "exhaust" : 0.3
  }
}