{
  "school": "FIRE_RANGED",
  "range": 26,
  "learn": {
    "tier": 3
  },
  "cast": {
    "duration": 0.7,
    "animation": "spell_engine:archery_pull",
    "sound": {
      "id": "archers:bow_pull"
    }
  },
  "release": {
    "target": {
      "type": "PROJECTILE",
      "projectile": {
        "launch_properties": {
          "velocity": 4.5
        },
        "projectile": {
          "client_data": {
            "travel_particles": [
              {
                "particle_id": "campfire_cosy_smoke",
                "shape": "LINE",
                "origin": "CENTER",
                "rotation": "LOOK",
                "roll_offset": 180,
                "roll": 10,
                "count": 20,
                "min_speed": 0.2,
                "max_speed": 0.22
              }
            ],
            "model": {
              "model_id": "archers_expansion:projectile/regular_arrow",
              "scale": 1.5
            }
          }
        }
      }
    },
    "animation": "spell_engine:archery_release",
    "sound": {
      "id": "item.crossbow.shoot"
    }
  },
  "impact": [
    {
      "action": {
        "type": "DAMAGE",
        "damage": {
          "spell_power_coefficient": 2.0,
          "knockback": 0
        },
        "particles": [
          {
            "particle_id": "campfire_cosy_smoke",
            "shape": "SPHERE",
            "origin": "CENTER",
            "count": 5,
            "min_speed": 0,
            "max_speed": 0.1
          }
        ],
        "sound": {
          "id": "archers_expanison:point_blank_shot"
        }
      }
    },
    {
      "action": {
        "type": "STATUS_EFFECT",
        "status_effect": {
          "apply_mode": "SET",
          "duration": 1,
          "amplifier": 0,
          "effect_id": "archers_expansion:point_blank_shot",
          "show_particles": false
        }
      }
    }
  ],
  "cost": {
    "cooldown_duration": 12,
    "exhaust" : 0.3,
    "item_id": "arrow"
  }
}