{
  "school": "FIRE_RANGED",
  "range": 0,
  "learn": {
    "tier": 1
  },
  "mode": "ITEM_USE",
  "item_use": { },
  "arrow_perks": {
    "bypass_iframes": true
  },
  "impact": [
    {
      "action": {
        "type": "DAMAGE",
        "damage": {
          "spell_power_coefficient": 5.0
        }
      },
      "particles": [
        {
          "particle_id": "spell_engine:fire_explosion",
          "shape": "SPHERE",
          "origin": "CENTER",
          "count": 1.0,
          "min_speed": 0.2,
          "max_speed": 0.5
        },
        {
          "particle_id": "spell_engine:flame_medium_b",
          "shape": "SPHERE",
          "origin": "CENTER",
          "count": 25.0,
          "min_speed": 0.1,
          "max_speed": 0.3,
          "pre_spawn_travel": 2
        },
        {
          "particle_id": "spell_engine:flame_medium_b",
          "shape": "SPHERE",
          "origin": "CENTER",
          "count": 25.0,
          "min_speed": 0.2,
          "max_speed": 0.5,
          "pre_spawn_travel": 4
        }
      ],
      "sound": {
        "id": "entity.generic.explode"
      }
    },
    {
      "action": {
        "type": "FIRE",
        "fire": {
          "duration": 4
        }
      }
    }
  ]
}