{
  "school": "FROST_RANGED",
  "range": 0,
  "learn": {
    "tier": 3
  },
  "cast": {
  },
  "release": {
    "animation": "spell_engine:one_handed_area_release",
    "target": {
      "type": "CLOUD",
      "cloud": {
        "volume": {
          "radius": 10.0,
          "area": {
            "vertical_range_multiplier": 1.5
          },
          "sound": {
            "id": "spell_engine:generic_wind_charging",
            "randomness": 0.25,
            "volume": 0.2
          }
        },
        "impact_tick_interval": 10,
        "time_to_live_seconds": 10,
        "client_data": {
          "light_level": 14,
          "model": {
            "model_id": "archers_expansion:effect/winters_grip",
            "scale": 1.5,
            "rotate_degrees_per_tick": 0,
            "light_emission": "RADIATE"
          },
          "particles": [
            {
              "particle_id": "spell_engine:snowflake",
              "origin": "FEET",
              "shape": "PILLAR",
              "count": 35.0,
              "min_speed": 0.05,
              "max_speed": 0.1
            },
            {
              "particle_id": "spell_engine:snowflake",
              "origin": "FEET",
              "shape": "PILLAR",
              "count": 35.0,
              "min_speed": 0.25,
              "max_speed": 0.4
            }
          ]
        },
        "placement": {
          "force_onto_ground": true,
          "location_offset_y": 0
        }
      }
    }
  },
  "impact": [
    {
      "action": {
        "type": "STATUS_EFFECT",
        "status_effect": {
          "effect_id": "archers_expansion:winters_grip",
          "duration": 3,
          "apply_mode": "SET",
          "amplifier": 0,
          "show_particles": false
        }
      },
      "particles": [
        {
          "particle_id": "spell_engine:frost_hit",
          "shape": "SPHERE",
          "origin": "CENTER",
          "count": 15.0,
          "min_speed": 0.2,
          "max_speed": 0.4
        }
      ]
    }
  ],
  "cost": {
    "exhaust": 0.4,
    "cooldown_duration": 18,
    "cooldown_haste_affected": true
  }
}