{
    "id": "tiered:mythic_shield_2",
    "verifiers": [
        {
            "tag": "c:shields"
        }
    ],
    "weight": 1,
    "style": {
        "color": "red"
    },
    "attributes": [
        {
            "type": "generic.armor",
            "modifier": {
                "name": "tiered:mythic_shield_2",
                "operation": "ADDITION",
                "amount": 4
            },
            "optional_equipment_slots": [
                "MAINHAND",
                "OFFHAND"
            ]
        },
        {
            "type": "generic.movement_speed",
            "modifier": {
                "name": "tiered:mythic_shield_2",
                "operation": "MULTIPLY_BASE",
                "amount": 0.05
            },
            "optional_equipment_slots": [
                "MAINHAND",
                "OFFHAND"
            ]
        }
    ]
}