{
    "id": "tiered:common_ranged_1",
    "verifiers": [
        {
            "tag": "c:bows"
        },
        {
            "tag": "c:crossbows"
        }
    ],
    "weight": 50,
    "style": {
        "color": "gray"
    },
    "attributes": [
        {
            "type": "tiered:generic.range_attack_damage",
            "modifier": {
                "name": "tiered:common_ranged_1",
                "operation": "MULTIPLY_BASE",
                "amount": -0.1
            },
            "optional_equipment_slots": [
                "MAINHAND"
            ]
        },
        {
            "type": "zenith_attributes:crit_chance",
            "modifier": {
                "name": "tiered:common_ranged_1",
                "operation": "ADDITION",
                "amount": -0.05
            },
            "optional_equipment_slots": [
                "MAINHAND"
            ]
        },
        {
            "type": "tiered:generic.durable",
            "modifier": {
                "name": "tiered:common_ranged_1",
                "operation": "MULTIPLY_BASE",
                "amount": -0.1
            },
            "optional_equipment_slots": [
                "MAINHAND"
            ]
        }
    ]
}