{
    "id": "tiered:mythic_tool_2",
    "verifiers": [
        {
            "tag": "c:axes"
        },
        {
            "tag": "c:pickaxes"
        },
        {
            "tag": "c:shovels"
        },
        {
            "tag": "c:hoes"
        },
        {
            "id": "oxidized:rose_gold_pickaxe"
        },
        {
            "id": "oxidized:rose_gold_axe"
        },
        {
            "id": "oxidized:rose_gold_hoe"
        }
    ],
    "weight": 1,
    "style": {
        "color": "red"
    },
    "attributes": [
        {
            "type": "tiered:generic.durable",
            "modifier": {
                "name": "tiered:mythic_tool_2",
                "operation": "MULTIPLY_BASE",
                "amount": 0.5
            },
            "optional_equipment_slots": [
                "MAINHAND"
            ]
        },
        {
            "type": "tiered:generic.dig_speed",
            "modifier": {
                "name": "tiered:mythic_tool_2",
                "operation": "MULTIPLY_BASE",
                "amount": 0.3
            },
            "optional_equipment_slots": [
                "MAINHAND"
            ]
        },
        {
            "type": "reach-entity-attributes:reach",
            "modifier": {
                "name": "tiered:mythic_tool_2",
                "operation": "ADDITION",
                "amount": 3
            },
            "optional_equipment_slots": [
                "MAINHAND"
            ]
        }
    ]
}