{
  "replace": false,
  "values": [
    {
      "id": "ironchests:copper_barrel",
      "required": false
    },
    {
      "id": "ironchests:crystal_barrel",
      "required": false
    },
    {
      "id": "ironchests:diamond_barrel",
      "required": false
    },
    {
      "id": "ironchests:gold_barrel",
      "required": false
    },
    {
      "id": "ironchests:iron_barrel",
      "required": false
    },
    {
      "id": "ironchests:netherite_barrel",
      "required": false
    },
    {
      "id": "ironchests:obsidian_barrel",
      "required": false
    }
  ]
}