{
  "type": "minecraft:crafting_shaped",
  "category": "misc",
  "key": {
    "a": {
      "item": "ae2:spatial_pylon"
    },
    "b": {
      "item": "ae2:fluix_glass_cable"
    },
    "c": {
      "item": "ae2:spatial_cell_component_128"
    },
    "d": {
      "item": "create:andesite_alloy"
    },
    "e": {
      "item": "create:precision_mechanism"
    }
  },
  "pattern": [
    "aaa",
    "bcb",
    "ded"
  ],
  "result": {
    "item": "ae2:spatial_anchor"
  },
  "show_notification": true
}