{
    "id": "tiered:common_armor_4",
    "verifiers": [
        {
            "tag": "c:helmets"
        },
        {
            "tag": "c:chestplates"
        },
        {
            "tag": "c:leggings"
        },
        {
            "tag": "c:boots"
        }
    ],
    "weight": 50,
    "style": {
        "color": "gray"
    },
    "attributes": [
        {
            "type": "tiered:generic.durable",
            "modifier": {
                "name": "tiered:common_armor_4",
                "operation": "MULTIPLY_BASE",
                "amount": -0.2
            },
            "optional_equipment_slots": [
                "FEET",
                "LEGS",
                "CHEST",
                "HEAD"
            ]
        }
    ]
}