{
    "id": "tiered:legendary_armor_3",
    "verifiers": [
        {
            "tag": "c:helmets"
        },
        {
            "tag": "c:chestplates"
        },
        {
            "tag": "c:leggings"
        },
        {
            "tag": "c:boots"
        }
    ],
    "weight": 3,
    "style": {
        "color": "gold"
    },
    "attributes": [
        {
            "type": "generic.armor",
            "modifier": {
                "name": "tiered:legendary_armor_3",
                "operation": "ADDITION",
                "amount": 3
            },
            "optional_equipment_slots": [
                "FEET",
                "LEGS",
                "CHEST",
                "HEAD"
            ]
        },
        {
            "type": "tiered:generic.durable",
            "modifier": {
                "name": "tiered:legendary_armor_3",
                "operation": "MULTIPLY_BASE",
                "amount": 0.3
            },
            "optional_equipment_slots": [
                "FEET",
                "LEGS",
                "CHEST",
                "HEAD"
            ]
        }
    ]
}