{
    "id": "tiered:rare_armor_1",
    "verifiers": [
        {
            "tag": "c:helmets"
        },
        {
            "tag": "c:chestplates"
        },
        {
            "tag": "c:leggings"
        },
        {
            "tag": "c:boots"
        }
    ],
    "weight": 15,
    "style": {
        "color": "blue"
    },
    "attributes": [
        {
            "type": "generic.armor",
            "modifier": {
                "name": "tiered:rare_armor_1",
                "operation": "ADDITION",
                "amount": 1
            },
            "optional_equipment_slots": [
                "FEET",
                "LEGS",
                "CHEST",
                "HEAD"
            ]
        },
        {
            "type": "generic.armor_toughness",
            "modifier": {
                "name": "tiered:rare_armor_1",
                "operation": "ADDITION",
                "amount": 1
            },
            "optional_equipment_slots": [
                "FEET",
                "LEGS",
                "CHEST",
                "HEAD"
            ]
        }
    ]
}