{
  "type": "minecraft:crafting_shaped",
  "pattern": [
    "PlP",
    "SLS",
    "DID"
  ],
  "key": {
    "P": {
      "item": "techreborn:tungstensteel_plate"
    },
    "S": {
      "item": "techreborn:superconductor"
    },
    "L": {
      "item": "techreborn:lapotronic_orb"
    },
    "D": {
      "item": "techreborn:data_storage_chip"
    },
    "I": {
      "item": "techreborn:iridium_neutron_reflector"
    },
    "l": {
      "item": "techreborn:lapotronic_orbpack"
    }	
  },
  "result": {
    "item": "techreborn:quantum_chestplate"
  }
}