{
  "values": [
    {
      "id": "betterend:mossy_glowshroom_chest",
      "required": false
    },
    {
      "id": "betterend:end_lotus_chest",
      "required": false
    },
    {
      "id": "betterend:pythadendron_chest",
      "required": false
    },
    {
      "id": "betterend:lacugrove_chest",
      "required": false
    },
    {
      "id": "betterend:dragon_tree_chest",
      "required": false
    },
    {
      "id": "betterend:tenanea_chest",
      "required": false
    },
    {
      "id": "betterend:helix_tree_chest",
      "required": false
    },
    {
      "id": "betterend:umbrella_tree_chest",
      "required": false
    },
    {
      "id": "betterend:jellyshroom_chest",
      "required": false
    },
    {
      "id": "betterend:lucernia_chest",
      "required": false
    }
  ]
}