{
    "range": 1.0,
    "school": "FROST",
    "learn": {
      "tier": 4
    },
    "cast": {
      "duration": 0.0,
      "particles": [
        {
          "particle_id": "spell_engine:frost_spell",
          "shape": "PIPE",
          "origin": "FEET",
          "count": 0.5,
          "min_speed": 0.05,
          "max_speed": 0.1
        }
      ]
    },
    "release": {
      "target": {
        "type": "SELF"
      },
      "sound": {
        "id": "spell_engine:generic_frost_release",
        "pitch": 1.2
      },
      "particles": [
        {
          "particle_id": "spell_engine:frost_spell",
          "shape": "CIRCLE",
          "origin": "CENTER",
          "count": 130.0,
          "min_speed": 0.7,
          "max_speed": 0.7
        }
      ]
    },
    "impact": [
      {
        "action": {
          "type": "STATUS_EFFECT",
          "status_effect": {
            "effect_id": "death_knights:breath_of_agony",
            "duration": 5,
            "apply_mode": "SET",
            "amplifier": 0,
            "amplifier_power_multiplier": 0,
            "show_particles": false
          }
        }
      }
    ],
    "cost": {
      "exhaust": 0.2,
      "item_id": "runes:frost_stone",
      "cooldown_duration": 40
    }
  }