{
  "range": 3.5,
  "school": "eternal_attributes:blood",
  "group": "primary",
  "learn": {
    "tier": 1
  },
  "cast": {
    "duration": 0.0
  },
  "release": {
    "target": {
      "type": "CURSOR"
    },
    "sound": {
      "id": "minecraft:entity.player.attack.sweep"
    },
    "animation": "death_knights:death_strike_2h"
  },
  "impact": [
    {
      "school": "PHYSICAL_MELEE",
      "action": {
        "type": "DAMAGE",
        "damage": {
          "knockback": 0.5,
          "spell_power_coefficient": 0.8
        }
      }
    },
    {
      "school": "eternal_attributes:blood",
      "action": {
        "type": "DAMAGE",
        "damage": {
          "knockback": 0.0,
          "spell_power_coefficient": 0.6
        }
      },
      "particles": [
        {
          "particle_id": "death_knights:blood_hit",
          "shape": "SPHERE",
          "origin": "CENTER",
          "count": 6,
          "min_speed": 0.05,
          "max_speed": 0.2
        }
      ]
    }
  ],
  "cost": {
    "exhaust": 0.2,
    "item_id": "death_knights:blood_stone",
    "cooldown_duration": 6
  }
}