{
    "range": 10.0,
    "school": "eternal_attributes:unholy",
    "learn": {
      "tier": 3
    },
    "cast": {
      "duration": 0.3,
      "animation": "spell_engine:one_handed_area_charge",
      "particles": [
        {
          "particle_id": "spell_engine:frost_spell",
          "shape": "PIPE",
          "origin": "FEET",
          "count": 0.5,
          "min_speed": 0.05,
          "max_speed": 0.1
        }
      ],
      "sound": {
        "id": "spell_engine:generic_soul_casting",
        "pitch": 1.1
      }
    },
    "release": {
      "target": {
        "type": "AREA",
        "area": {
          "vertical_range_multiplier": 0.8
        }
      },
      "animation": "spell_engine:one_handed_area_release",
      "particles": [
        {
          "particle_id": "death_knights:unholy_smoke",
          "shape": "CIRCLE",
          "origin": "FEET",
          "count": 130.0,
          "min_speed": 0.05,
          "max_speed": 0.2
        },
        {
          "particle_id": "death_knights:unholy_hit",
          "shape": "CIRCLE",
          "origin": "FEET",
          "count": 130.0,
          "min_speed": 0.1,
          "max_speed": 0.3
        }
      ]
    },
    "impact": [
      {
        "action": {
          "type": "DAMAGE",
          "damage": {
            "knockback": 0.0,
            "spell_power_coefficient": 2
          }
        },
        "sound": {
          "id": "spell_engine:generic_soul_release",
          "pitch": 1.6
        }
      }
    ],
    "cost": {
      "exhaust": 0.2,
      "item_id": "death_knights:unholy_stone",
      "cooldown_duration": 1
    }
  }