{
  "range": 5,
  "school": "eternal_attributes:unholy",
  "group": "primary",
  "learn": {
    "tier": 1
  },
  "cast": {
    "duration": 0.0
  },
  "release": {
    "target": {
      "type": "CURSOR"
    },
    "sound": {
      "id": "minecraft:entity.player.attack.sweep"
    },
    "animation": "death_knights:festering_strike_2h"
  },
  "impact": [
    {
      "school": "PHYSICAL_MELEE",
      "action": {
        "type": "DAMAGE",
        "damage": {
          "knockback": 0.5,
          "spell_power_coefficient": 2
        }
      }
    },
    {
      "school": "eternal_attributes:unholy",
      "action": {
        "type": "DAMAGE",
        "damage": {
          "knockback": 0.0,
          "spell_power_coefficient": 2.6
        }
      }
    },
    {
      "action": {
        "type": "STATUS_EFFECT",
        "status_effect": {
          "apply_mode": "ADD",
          "duration": 10,
          "amplifier": 1,
          "effect_id": "death_knights:festering_wound",
          "show_particles": false
        },
        "apply_to_caster": false
      }
    }
  ],
  "cost": {
    "exhaust": 0.2,
    "item_id": "death_knights:unholy_stone",
    "cooldown_duration": 2.5
  }
}