{
  "range": 2.5,
  "school": "FROST",
  "learn": {
    "tier": 2
  },
  "cast": {
    "duration": 0.0
  },
  "release": {
    "target": {
      "type": "CURSOR"
    },
    "sound": {
      "id": "minecraft:entity.player.attack.strong"
    },
    "animation": "death_knights:frost_strike"
  },
  "impact": [
    {
      "school": "PHYSICAL_MELEE",
      "action": {
        "type": "DAMAGE",
        "damage": {
          "knockback": 0.5,
          "spell_power_coefficient": 0.2
        }
      }
    },
    {
      "school": "FROST",
      "action": {
        "type": "DAMAGE",
        "damage": {
          "knockback": 0.0,
          "spell_power_coefficient": 1.0
        }
      }
    },
    {
      "action": {
        "type": "STATUS_EFFECT",
        "status_effect": {
          "apply_mode": "ADD",
          "duration": 1,
          "amplifier": 0,
          "effect_id": "death_knights:frost_strike",
          "show_particles": false
        },
        "apply_to_caster": false
      }
    }
  ],
  "cost": {
    "exhaust": 0.2,
    "item_id": "runes:frost_stone",
    "cooldown_duration": 4
  }
}