{
  "range": 2.5,
  "school": "FROST",
  "group": "primary",
  "learn": {
    "tier": 0
  },
  "cast": {
    "duration": 0.0
  },
  "release": {
    "target": {
      "type": "CURSOR"
    },
    "sound": {
      "id": "minecraft:entity.player.attack.sweep"
    },
    "animation": "death_knights:obliterate"
  },
  "impact": [
    {
      "school": "PHYSICAL_MELEE",
      "action": {
        "type": "DAMAGE",
        "damage": {
          "knockback": 0.5,
          "spell_power_coefficient": 0.8
        }
      }
    },
    {
      "school": "FROST",
      "action": {
        "type": "DAMAGE",
        "damage": {
          "knockback": 0.0,
          "spell_power_coefficient": 0.4
        }
      }
    }
  ],
  "cost": {
    "exhaust": 0.2,
    "item_id": "runes:frost_stone",
    "cooldown_duration": 3
  }
}