{
  "range": 2.5,
  "school": "FROST",
  "group": "primary",
  "learn": {
    "tier": 1
  },
  "cast": {
    "duration": 0.0
  },
  "release": {
    "target": {
      "type": "CURSOR"
    },
    "sound": {
      "id": "minecraft:entity.player.attack.sweep"
    },
    "animation": "death_knights:obliterate"
  },
  "impact": [
    {
      "school": "PHYSICAL_MELEE",
      "action": {
        "type": "DAMAGE",
        "damage": {
          "knockback": 0.5,
          "spell_power_coefficient": 1.0
        }
      }
    },
    {
      "school": "FROST",
      "action": {
        "type": "DAMAGE",
        "damage": {
          "knockback": 0.0,
          "spell_power_coefficient": 0.6
        }
      }
    },
    {
      "action": {
        "type": "STATUS_EFFECT",
        "status_effect": {
          "apply_mode": "ADD",
          "duration": 1,
          "amplifier": 0,
          "effect_id": "death_knights:obliterate",
          "show_particles": false
        },
        "apply_to_caster": true
      }
    }
  ],
  "cost": {
    "exhaust": 0.2,
    "item_id": "runes:frost_stone",
    "cooldown_duration": 2
  }
}