{
  "type": "minecraft:chest",
  "pools": [
    {
      "bonus_rolls": 0.0,
      "conditions": [
        {
          "condition": "artifacts:artifact_rarity_adjusted_chance",
          "default_probability": 0.25
        }
      ],
      "entries": [
        {
          "type": "minecraft:item",
          "name": "artifacts:snorkel",
          "weight": 5
        },
        {
          "type": "minecraft:item",
          "name": "artifacts:flippers",
          "weight": 5
        },
        {
          "type": "minecraft:item",
          "name": "artifacts:umbrella",
          "weight": 5
        },
        {
          "type": "minecraft:item",
          "name": "artifacts:golden_hook",
          "weight": 5
        },
        {
          "type": "minecraft:item",
          "name": "artifacts:digging_claws",
          "weight": 3
        },
        {
          "type": "minecraft:item",
          "name": "artifacts:kitty_slippers",
          "weight": 3
        },
        {
          "type": "minecraft:item",
          "name": "artifacts:bunny_hoppers",
          "weight": 3
        },
        {
          "type": "minecraft:item",
          "name": "artifacts:lucky_scarf",
          "weight": 3
        },
        {
          "type": "minecraft:item",
          "name": "artifacts:aqua_dashers",
          "weight": 3
        },
        {
          "type": "minecraft:item",
          "name": "artifacts:anglers_hat",
          "weight": 3
        },
        {
          "type": "minecraft:loot_table",
          "name": "artifacts:items/drinking_hat",
          "weight": 3
        }
      ],
      "rolls": 1.0
    }
  ],
  "random_sequence": "artifacts:inject/chests/buried_treasure"
}