{
    "id": "tiered:mythic_fishing_2",
    "verifiers": [
        {
            "id": "minecraft:fishing_rod"
        }
    ],
    "weight": 1,
    "style": {
        "color": "red"
    },
    "attributes": [
        {
            "type": "tiered:generic.durable",
            "modifier": {
                "name": "tiered:mythic_fishing_2",
                "operation": "MULTIPLY_BASE",
                "amount": 0.5
            },
            "optional_equipment_slots": [
                "MAINHAND",
                "OFFHAND"
            ]
        },
        {
            "type": "generic.luck",
            "modifier": {
                "name": "tiered:mythic_fishing_2",
                "operation": "ADDITION",
                "amount": 1.5
            },
            "optional_equipment_slots": [
                "MAINHAND",
                "OFFHAND"
            ]
        }
    ]
}